title,company,location,link
Lead Frontend Engineer,Outside Inc,üá∫üá∏ US-only,https://remoteok.io/remote-jobs/103962-remote-lead-frontend-engineer-outside-inc
Data Scientist,Ampcontrol,üåè Worldwide,https://remoteok.io/remote-jobs/103951-remote-data-scientist-ampcontrol
Senior Engineer Data Team,IPinfo,üåè Worldwide,https://remoteok.io/remote-jobs/103938-remote-senior-engineer-data-team-ipinfo
Senior Software Engineer,Sugar,US / Canada,https://remoteok.io/remote-jobs/103910-remote-senior-software-engineer-sugar
Python Backend Developer,Cobblestone Energy,,https://remoteok.io/remote-jobs/103955-remote-python-backend-developer-cobblestone-energy
Quality Assurance Specialist,DataKitchen,üåè Worldwide,https://remoteok.io/remote-jobs/103867-remote-qa-specialist-datakitchen
Django Developer,Toptal,üåè Worldwide,https://remoteok.io/remote-jobs/103865-remote-django-developer-toptal
Senior Software Engineer,JUMO,üá™üá∫ EU-only,https://remoteok.io/remote-jobs/103829-remote-senior-software-engineer-jumo
Senior Backend Software Developer,Jungle Scout,North America and South America,https://remoteok.io/remote-jobs/103790-remote-senior-backend-software-developer-jungle-scout
Full Stack Engineer,MeetAnyway,Emea,https://remoteok.io/remote-jobs/103750-remote-full-stack-engineer-meetanyway
Python Software Engineer,Vizibl,üá™üá∫ EU-only,https://remoteok.io/remote-jobs/103724-remote-python-software-engineer-vizibl
Senior Backend Engineerapi,Argyle,"Europe, South America, North America",https://remoteok.io/remote-jobs/103628-remote-senior-backend-engineerapi-argyle
Senior Open Source DevOps,OpenCraft GmbH,üåè Worldwide,https://remoteok.io/remote-jobs/103611-remote-senior-open-source-devops-opencraft-gmbh
Senior Software Engineer,Administrate,United Kingdom,https://remoteok.io/remote-jobs/102166-remote-senior-software-engineer-administrate
Senior Software Engineer,Iterative,üåè Worldwide,https://remoteok.io/remote-jobs/99244-remote-senior-software-engineer-iterative
Python Developer,SKY Group,,https://remoteok.io/remote-jobs/103689-remote-python-developer-sky-group
Python Developer,IMS,,https://remoteok.io/remote-jobs/103665-remote-python-developer-ims
Python Backend Developer,Werum IT Solutions -yght Data Science,,https://remoteok.io/remote-jobs/103614-remote-python-backend-developer-werum-it-solutions-yght-data-science
Software Engineer Data Infra,Doximity,üá∫üá∏ US-only,https://remoteok.io/remote-jobs/103575-remote-software-engineer-data-infra-doximity
Backend Web Developer,Kettle,üåè Worldwide,https://remoteok.io/remote-jobs/103568-remote-backend-web-developer-kettle
Protocol Engineer,Status,üåè Worldwide,https://remoteok.io/remote-jobs/103514-remote-protocol-engineer-status
Python Developer,Ampcontrol,"Europe, United States, Canada, America, EU, Worldwide",https://remoteok.io/remote-jobs/103491-remote-python-developer-ampcontrol
Quality Assurance Automation Engineer,Pitch,üåè Worldwide,https://remoteok.io/remote-jobs/103486-remote-qa-automation-engineer-pitch
Staff Data Scientist,Shopify,"Canada, United States",https://remoteok.io/remote-jobs/103485-remote-staff-data-scientist-shopify
Senior Data Scientist,Shopify,"United States, Canada",https://remoteok.io/remote-jobs/103484-remote-senior-data-scientist-shopify
Software Engineer,Argyle,"Europe, South America, Singapore, Taiwan, Thailand, Philippines",https://remoteok.io/remote-jobs/103424-remote-software-engineer-argyle
DevOps Engineer,Kontist,üá™üá∫ EU-only,https://remoteok.io/remote-jobs/101122-remote-devops-engineer-kontist
Senior Full Stack Engineer,Synthesia,Cet -1/+1,https://remoteok.io/remote-jobs/103245-remote-senior-full-stack-engineer-synthesia
Senior Software Engineer,Administrate,üá∫üá∏ US-only,https://remoteok.io/remote-jobs/103216-remote-senior-software-engineer-administrate
Senior Open Source Developer DevOps,OpenCraft,üåè Worldwide,https://remoteok.io/remote-jobs/103181-remote-senior-open-source-developer-devops-opencraft
Lead Salesforce Architect,Georgia Institute of Technology,üá∫üá∏ US-only,https://remoteok.io/remote-jobs/103119-remote-lead-salesforce-architect-georgia-institute-of-technology
Lead Salesforce Developer,Georgia Institute of Technology,üá∫üá∏ US-only,https://remoteok.io/remote-jobs/103115-remote-lead-salesforce-developer-georgia-institute-of-technology
Staff Data Scientist,Shopify,"United States, Canada",https://remoteok.io/remote-jobs/102861-remote-staff-data-scientist-shopify
Senior Fullstack Engineer,Remotesome,"Latam, US, CA",https://remoteok.io/remote-jobs/102723-remote-senior-fullstack-engineer-remotesome
Network Engineer,Vapor IO ,US and Canada ,https://remoteok.io/remote-jobs/102580-remote-network-engineer-vapor-io
Senior Fullstack Python Developer,Backtracks.fm,üåè Worldwide,https://remoteok.io/remote-jobs/102525-remote-senior-fullstack-python-developer-backtracks-fm
Senior Backend Engineer,Intent Technologies,üá™üá∫ EU-only,https://remoteok.io/remote-jobs/102479-remote-senior-backend-engineer-intent-technologies
Senior C++ Developer,Flightradar24,CET +‚Äì 3 Hours,https://remoteok.io/remote-jobs/102386-remote-senior-c-plus-plus-developer-flightradar24
Senior Back End Engineer,GooseChase,North America,https://remoteok.io/remote-jobs/102333-remote-senior-back-end-engineer-goosechase
Quality Assurance Engineer,Argyle,üåè Worldwide,https://remoteok.io/remote-jobs/102327-remote-qa-engineer-argyle
Senior Backend Engineers,Argyle,üåè Worldwide,https://remoteok.io/remote-jobs/102322-remote-senior-backend-engineers-argyle
Software Engineer,Argyle,üåè Worldwide,https://remoteok.io/remote-jobs/102320-remote-software-engineer-argyle
Tech Lead,Borg Collective,üåè Worldwide,https://remoteok.io/remote-jobs/102206-remote-tech-lead-borg-collective
Sr Software Engineer Data Infra,Doximity,üá∫üá∏ US-only,https://remoteok.io/remote-jobs/102138-remote-sr-software-engineer-data-infra-doximity
Backend Software Engineer,Nav Inc,Usa,https://remoteok.io/remote-jobs/102132-remote-backend-software-engineer-nav-inc
Senior Software Engineer,Splitgraph,üåè Worldwide,https://remoteok.io/remote-jobs/102104-remote-senior-software-engineer-splitgraph
Software Engineer Full Stack,Mainvest,North America,https://remoteok.io/remote-jobs/102003-remote-software-engineer-full-stack-mainvest
Engineering Lead,Portal,üåè Worldwide,https://remoteok.io/remote-jobs/101834-remote-engineering-lead-portal
Manager Toolchain Software Engineering,DataKitchen,üåè Worldwide,https://remoteok.io/remote-jobs/101765-remote-manager-toolchain-software-engineering-datakitchen
Senior Frontend Engineer,Culture Biosciences,üá∫üá∏ US-only,https://remoteok.io/remote-jobs/101731-remote-senior-frontend-engineer-culture-biosciences
Python Engineer,2amigos! Consulting Group,,https://remoteok.io/remote-jobs/101704-remote-python-engineer-2amigos-consulting-group
Senior Backend Software Engineers,Argyle,"Europe, South America, New Zealand, Australia, United States",https://remoteok.io/remote-jobs/101553-remote-senior-backend-software-engineers-argyle
Backend Engineer,Remotesome,"Latam, United States, Canada and Europe",https://remoteok.io/remote-jobs/101520-remote-backend-engineer-remotesome
Technical Support Manager,Argyle,"United States, Canada, Europe, South America",https://remoteok.io/remote-jobs/101510-remote-technical-support-manager-argyle
Senior Software Engineer,Muck Rack,"United States, Canada, Poland, Bulgaria ",https://remoteok.io/remote-jobs/101485-remote-senior-software-engineer-muck-rack
Customer Support Engineer,Platform.sh,üåè Worldwide,https://remoteok.io/remote-jobs/101477-remote-customer-support-engineer-platform-sh
Senior Python Django Developer,ZibaSec,üá∫üá∏ US-only,https://remoteok.io/remote-jobs/101445-remote-senior-python-django-developer-zibasec
Senior Software Engineer,Muck Rack,"United States, Canada, Poland, Bulgaria",https://remoteok.io/remote-jobs/101377-remote-senior-software-engineer-muck-rack
Amazon Web Services Focused Site Reliability Engineer,ZibaSec,üá∫üá∏ US-only,https://remoteok.io/remote-jobs/101326-remote-aws-focused-site-reliability-engineer-zibasec
Senior Software Engineer,Administrate,üåè Worldwide,https://remoteok.io/remote-jobs/101155-remote-senior-software-engineer-administrate
Senior Software Engineer,Welcome,üá∫üá∏ US-only,https://remoteok.io/remote-jobs/101139-remote-senior-software-engineer-welcome
Data Engineer DataOps,Kontist,üá™üá∫ EU-only,https://remoteok.io/remote-jobs/101120-remote-data-engineer-dataops-kontist
Backend Engineer,Bloom Credit,üá∫üá∏ US-only,https://remoteok.io/remote-jobs/100939-remote-backend-engineer-bloom-credit
Software Engineer,Argyle,"Europe, South America",https://remoteok.io/remote-jobs/100929-remote-software-engineer-argyle
DevOps Software Engineer,The Linux Foundation,üåè Worldwide,https://remoteok.io/remote-jobs/100705-remote-devops-software-engineer-the-linux-foundation
Senior Python Engineer,DataKitchen,Gmt+1 to Gmt-8,https://remoteok.io/remote-jobs/100682-remote-senior-python-engineer-datakitchen
Software Engineer,Ampcontrol.io,"United States, Canada, North America, EU",https://remoteok.io/remote-jobs/100578-remote-software-engineer-ampcontrol-io
Full Stack Developer,HelloMaaS,üåè Worldwide,https://remoteok.io/remote-jobs/100554-remote-full-stack-developer-hellomaas
Web Developer,LearnCube,üåè Worldwide,https://remoteok.io/remote-jobs/100457-remote-web-developer-learncube
Senior Software Engineer,NannyML,"Europe, Africa or the Middle East (Utc-2 to Utc+3)",https://remoteok.io/remote-jobs/100441-remote-senior-software-engineer-nannyml
Full Stack Developer,Earning Together,Americas Timezone,https://remoteok.io/remote-jobs/100005-remote-full-stack-developer-earning-together
Python Engineer,Intent Technologies,Eu-Only,https://remoteok.io/remote-jobs/100003-remote-python-engineer-intent-technologies
Lead DevOps Engineer,Prominent Edge,üá∫üá∏ US-only,https://remoteok.io/remote-jobs/99919-remote-lead-devops-engineer-prominent-edge
Senior Developer,Toptal,üåè Worldwide,https://remoteok.io/remote-jobs/99898-remote-senior-developer-toptal
Senior Backend Developer,Clarity Movement Co.,üåè Worldwide,https://remoteok.io/remote-jobs/99896-remote-senior-backend-developer-clarity-movement-co
Backend Developer Data Scientist,komoot,üá™üá∫ EU-only,https://remoteok.io/remote-jobs/99798-remote-backend-developer-data-scientist-komoot
Senior Front End Developer,PolySwarm,üåè Worldwide,https://remoteok.io/remote-jobs/99794-remote-senior-front-end-developer-polyswarm
Senior Software Engineer,JetBridge,North America and Eu-Time Zones Only,https://remoteok.io/remote-jobs/99792-remote-senior-software-engineer-jetbridge
Sr Software Engineer React React Native,Very LLC,Continental US,https://remoteok.io/remote-jobs/99730-remote-sr-software-engineer-react-react-native-very-llc
Senior Full Stack Engineer,GooseChase,Americas Timezone,https://remoteok.io/remote-jobs/99701-remote-senior-full-stack-engineer-goosechase
Senior Android Engineer,Blok Party,üá∫üá∏ US-only,https://remoteok.io/remote-jobs/99567-remote-senior-android-engineer-blok-party
Back End Developer,InReach Ventures,UK or Italy,https://remoteok.io/remote-jobs/99530-remote-back-end-developer-inreach-ventures
Senior Data Engineer,Doximity,North America,https://remoteok.io/remote-jobs/99491-remote-senior-data-engineer-doximity
Senior Data Engineer Manager,Doximity,North America,https://remoteok.io/remote-jobs/99489-remote-senior-data-engineer-manager-doximity
Senior Front End Engineer,Beyond Pricing,üá™üá∫ EU-only,https://remoteok.io/remote-jobs/99453-remote-senior-front-end-engineer-beyond-pricing
Senior Back End Engineer,Beyond Pricing,üá™üá∫ EU-only,https://remoteok.io/remote-jobs/99409-remote-senior-back-end-engineer-beyond-pricing
Senior Software Engineer,Muck Rack,"United States, Canada, Poland, Bulgaria",https://remoteok.io/remote-jobs/99378-remote-senior-software-engineer-muck-rack
Senior Site Reliability,Netdata Inc,üåè Worldwide,https://remoteok.io/remote-jobs/99260-remote-senior-site-reliability-netdata-inc
Senior Software Engineer,Netdata Inc,üåè Worldwide,https://remoteok.io/remote-jobs/99258-remote-senior-software-engineer-netdata-inc
Lead Back End Developer,Simpleweb,Uk,https://remoteok.io/remote-jobs/99178-remote-lead-back-end-developer-simpleweb
Full Stack Developer,Coconut ,United Kingdom,https://remoteok.io/remote-jobs/99168-remote-full-stack-developer-coconut
Freelance Backend Developer,Toptal,üåè Worldwide,https://remoteok.io/remote-jobs/99118-remote-freelance-backend-developer-remote-toptal
Senior Backend Dev+ DevOps,Pupil Labs,üåè Worldwide,https://remoteok.io/remote-jobs/98830-remote-senior-backend-dev-python-devops-pupil-labs
Senior Full Stack Engineer,Petal,üá∫üá∏ US-only,https://remoteok.io/remote-jobs/98453-remote-senior-full-stack-engineer-petal
Golang Engineer,dploy.ai,Belgium,https://remoteok.io/remote-jobs/98087-remote-golang-engineer-dploy-ai
Senior Python Developer Itemize,FinTech AI Company,,https://remoteok.io/remote-jobs/103495-remote-senior-python-developer-itemize-fintech-ai-company
Senior Software Engineer Python,Genesys,,https://remoteok.io/remote-jobs/103305-remote-senior-software-engineer-python-genesys
Enthousiastic Full Stack Developer With A Python Django Preference,Apicbase Belgium,,https://remoteok.io/remote-jobs/103040-remote-enthousiastic-full-stack-developer-with-a-python-django-preference-apicbase-belgium
Python Backend Developer,Favox,,https://remoteok.io/remote-jobs/102836-remote-python-backend-developer-favox
Senior Python Developer,CitNOW Video,,https://remoteok.io/remote-jobs/102832-remote-senior-python-developer-citnow-video
Senior Python Developer,ACCURE Battery Intelligence,,https://remoteok.io/remote-jobs/102594-remote-senior-python-developer-accure-battery-intelligence
Java Python Golang Backend Engineer Big Data Data Greenfield Partners,very large,,https://remoteok.io/remote-jobs/102561-remote-java-python-golang-backend-engineer-big-data-data-greenfield-partners-very-large
Python Developer,Etiometry,,https://remoteok.io/remote-jobs/102245-remote-python-developer-etiometry
Senior Full Stack Django Python Developer,Share Edge,,https://remoteok.io/remote-jobs/102097-remote-senior-full-stack-django-python-developer-share-edge
Senior Python Engineer,SteepRock,,https://remoteok.io/remote-jobs/101994-remote-senior-python-engineer-steeprock
Senior Python Developer,Ambient Innovation,,https://remoteok.io/remote-jobs/101685-remote-senior-python-developer-ambient-innovation
Python Backend Lead Engineer,Geomagical Labs,,https://remoteok.io/remote-jobs/101624-remote-python-backend-lead-engineer-geomagical-labs
Experienced Python Backend Engineer For Growing Start Up,This Land dba Sunday,,https://remoteok.io/remote-jobs/101001-remote-experienced-python-backend-engineer-for-growing-start-up-this-land-dba-sunday
Python Developer,Pentalog,,https://remoteok.io/remote-jobs/100839-remote-python-developer-pentalog
Python Web Developer,RavenPack International SL,,https://remoteok.io/remote-jobs/100836-remote-python-web-developer-ravenpack-international-sl
Jr Mid React Python Developer,Compugain,,https://remoteok.io/remote-jobs/100695-remote-jr-mid-react-python-developer-compugain
Python Engineer,Kinship,,https://remoteok.io/remote-jobs/100195-remote-python-engineer-kinship
Python Developer,Mako Medical,,https://remoteok.io/remote-jobs/99941-remote-python-developer-mako-medical
Python Developer,CMAS Systems,Lisbon,https://remoteok.io/remote-jobs/99676-remote-python-developer-cmas-systems
Senior Python Developer,Findaway World,,https://remoteok.io/remote-jobs/99575-remote-senior-python-developer-findaway-world
Python C Developer,HealthLumen,,https://remoteok.io/remote-jobs/99294-remote-python-c-developer-healthlumen
Senior Python Developer,Findaway,,https://remoteok.io/remote-jobs/99062-remote-senior-python-developer-findaway
Senior Python Back End Engineer,Loadsmart,,https://remoteok.io/remote-jobs/98818-remote-senior-python-back-end-engineer-loadsmart
Python Developer,BairesDev,,https://remoteok.io/remote-jobs/98788-remote-python-developer-bairesdev
Python Engineer 100,Clevertech,,https://remoteok.io/remote-jobs/98682-remote-python-engineer-100-clevertech
SR Django Developer,Trafilea,,https://remoteok.io/remote-jobs/98666-remote-sr-django-developer-trafilea
Senior Software Engineer Python Tornado Amazon Web Services,Verys,,https://remoteok.io/remote-jobs/98654-remote-senior-software-engineer-python-tornado-aws-verys
Python Developer,YouGov,,https://remoteok.io/remote-jobs/98637-remote-python-developer-yougov
Principal Python Software Developer,Railroad19,,https://remoteok.io/remote-jobs/98621-remote-principal-python-software-developer-railroad19
Experienced Python Developer,ShipHero,,https://remoteok.io/remote-jobs/98580-remote-experienced-python-developer-shiphero
Senior Full Stack Python Developer,REPAY,,https://remoteok.io/remote-jobs/98420-remote-senior-full-stack-python-developer-repay
Senior Python Developer,Adspert Bidmanagement,,https://remoteok.io/remote-jobs/98409-remote-senior-python-developer-adspert-bidmanagement
Django Python Backend Engineer,PolicyFly,,https://remoteok.io/remote-jobs/98256-remote-django-python-backend-engineer-policyfly
Python Engineer,Packet Fabric,,https://remoteok.io/remote-jobs/98181-remote-python-engineer-packet-fabric
Expert Django Developer,AppEvolve,,https://remoteok.io/remote-jobs/98165-remote-expert-django-developer-appevolve
Full Stack Python Engineer,Gorgias,,https://remoteok.io/remote-jobs/98161-remote-full-stack-python-engineer-gorgias
Python Developer,PeopleDoc,,https://remoteok.io/remote-jobs/98046-remote-python-developer-peopledoc
Full Stack Django Engineer,HeySummit,,https://remoteok.io/remote-jobs/98031-remote-full-stack-django-engineer-heysummit
Senior Python Developer,Flashpoint,,https://remoteok.io/remote-jobs/97840-remote-senior-python-developer-flashpoint
Python Developer,UCRAFT,,https://remoteok.io/remote-jobs/97815-remote-python-developer-ucraft
Python Developer,Upstack,,https://remoteok.io/remote-jobs/97638-remote-python-developer-upstack
"Senior Software Engineer, Full Stack (Python + React)","HackEDU, Inc.",Anywhere (100% Remote) Only,https://weworkremotely.com/remote-jobs/hackedu-inc-senior-software-engineer-full-stack-python-react
"Senior Open Source Developer & DevOps (Python, Django, React, AWS/OpenStack)",OpenCraft,Anywhere (100% Remote) Only,https://weworkremotely.com/remote-jobs/opencraft-senior-open-source-developer-devops-python-django-react-aws-openstack
Senior Python and Machine Learning Engineer - Remote - EU Time Zone,CVEDIA,Europe Only,https://weworkremotely.com/remote-jobs/cvedia-senior-python-and-machine-learning-engineer-remote-eu-time-zone
(Senior) Python Full Stack Software Developer,Optimile,Europe Only,https://weworkremotely.com/remote-jobs/optimile-senior-python-full-stack-software-developer
Python Full Stack Software Developer (senior) - remote,Bubbling,Anywhere (100% Remote) Only,https://weworkremotely.com/remote-jobs/bubbling-python-full-stack-software-developer-senior-remote-1
Full Stack Developer (Python & Vue.js),Motoinsight,Anywhere (100% Remote) Only,https://weworkremotely.com/remote-jobs/motoinsight-full-stack-developer-python-vue-js
Python Data Engineer ,Parse.ly,Anywhere (100% Remote) Only,https://weworkremotely.com/remote-jobs/parse-ly-python-data-engineer-1
Experienced Backend Engineer - Python,"Theorem, LLC",Anywhere (100% Remote) Only,https://weworkremotely.com/remote-jobs/theorem-llc-experienced-backend-engineer-python
Software Engineer - Backend/Python (Americas & Europe -- 100% Remote),Close,Anywhere (100% Remote) Only,https://weworkremotely.com/remote-jobs/close-software-engineer-backend-python-americas-europe-100-remote
PYTHON SOFTWARE DEVELOPER,Dewaele Real Estate Group,Anywhere (100% Remote) Only,https://weworkremotely.com/remote-jobs/dewaele-real-estate-group-python-software-developer
